{"text": " Thank you.", "segments": [{"id": 0, "seek": 0, "start": 0.0, "end": 14.94, "text": " Thank you.", "tokens": [50364, 1044, 291, 13, 51111], "temperature": 0.0, "avg_logprob": -0.8741405804951986, "compression_ratio": 0.5555555555555556, "no_speech_prob": 0.6844771504402161}], "language": "English"}